<?xml version="1.0" encoding="UTF-8" standalone="yes"?>
<addon id="plugin.program.goupon" name="Goupon Addons" version="1.0.4" provider-name="Goupon">
  <requires>
    <import addon="xbmc.python" version="2.1.0"/>
    <import addon="repository.khmerdubbed" version="2.00"/>	  
  </requires>
  <extension point="xbmc.python.pluginsource" library="default.py">
        <provides>program executable</provides>
  </extension>
  <extension point="xbmc.addon.metadata">
    <summary lang="en">Goupon Github, https://github.com/goupon/</summary>
    <description lang="en">Support at https://forum.kodi.tv/</description>
    <disclaimer lang="en">Use at your own risk</disclaimer>
    <platform>all</platform>
  </extension>
</addon>