<?xml version="1.0" encoding="UTF-8" standalone="yes"?>
<addon id="repository.khmerdubbed" name="Khmer Dubbed Repo" version="2.1" provider-name="goupon">
	<extension point="xbmc.addon.repository" name="Khmer Dubbed Repo">
	  <dir>	
		<info compressed="false">http://raw.githubusercontent.com/goupon/file/master/addons.xml</info>
		<checksum>http://raw.githubusercontent.com/goupon/file/master/addons.xml.md5</checksum>
		<datadir zip="true">http://raw.githubusercontent.com/goupon/file/master/</datadir>
	  </dir>	

	  <dir>
		<info compressed="false">https://raw.githubusercontent.com/Gujal00/smrzips/master/addons.xml</info>
		<checksum>https://raw.githubusercontent.com/Gujal00/smrzips/master/addons.xml.md5</checksum>
		<datadir zip="true">https://raw.githubusercontent.com/Gujal00/smrzips/master/zips/</datadir>
	  </dir>	

	  <dir minversion="19.0.0">
		<info compressed="false">https://download.osmc.tv/dev/anxdpanic/kodi/youtube/unofficial/addons.xml</info>
		<checksum>https://download.osmc.tv/dev/anxdpanic/kodi/youtube/unofficial/addons.xml.md5</checksum>
		<datadir zip="true">https://download.osmc.tv/dev/anxdpanic/kodi/youtube/unofficial/zips</datadir>
		<hashes>false</hashes>           
	  </dir> 
	  
	</extension>
	<extension point="xbmc.addon.metadata">
		<summary>The one and only Khmer Dubbed addons by Dodgex and Goupon.</summary>
		<description>https://forum.kodi.tv/showthread.php?tid=130566</description>
		<platform>all</platform>
		<assets>
		  <icon>icon.png</icon>
		  <fanart>fanart.jpg</fanart>
		</assets>		
	</extension>
</addon>