<?xml version="1.0" encoding="UTF-8" standalone="yes"?>
<addon id="repository.khmerdubbed" name="Khmer Dubbed Repo" version="2.01" provider-name="goupon">
	<requires>
		<import addon="xbmc.addon" version="12.0.0"/>
	</requires>
	<extension point="xbmc.addon.repository" name="Khmer Dubbed Repo">
		<info compressed="false">http://raw.githubusercontent.com/goupon/file/master/addons.xml</info>
		<checksum>http://raw.githubusercontent.com/goupon/file/master/addons.xml.md5</checksum>
		<datadir zip="true">http://raw.githubusercontent.com/goupon/file/master/repo</datadir>
	</extension>
	<extension point="xbmc.addon.metadata">
		<summary>The best Khmer Dubbed addons by Dknlght and Price.  Updated by goupon</summary>
		<description>https://forum.kodi.tv/showthread.php?tid=130566</description>
		<platform>all</platform>
	</extension>
</addon>