<?xml version="1.0" encoding="UTF-8" standalone="yes"?>
<addon id="plugin.video.camtv" name="Cambodia TV" version="1.0.1" provider-name="Dknlght, Dodgex, Goupon">
  <requires>
    <import addon="xbmc.python" version="2.1.0"/>
    <import addon="script.module.simplejson" />
    <import addon="script.module.t0mm0.common" version="1.1.0"/>
    <import addon="script.module.beautifulsoup" version="3.0.8"/>
  </requires>
  <extension point="xbmc.python.pluginsource" library="default.py">
    <provides>video</provides>
  </extension>
  <extension point="xbmc.addon.metadata">
    <summary lang="en">Cambodia Live TV</summary>
    <description lang="en">Cambodia Live TV</description>
    <disclaimer lang="en"></disclaimer>
    <language>en</language>
    <platform>all</platform>
  </extension>
</addon>
