<channels>
  <channel>
    <name>Khmer channels</name>
    <info>Khmer channels from khiptv</info>
	<item>
      <title>CTN</title>
      <link>http://mobile.interface.stmg.net.kh/nn_cms/nn_cms_view/jpz/n3_a_a.php?nns_version=2.3.7.0.2.SC-JPZ-IPAD.0.0_Release&amp;nns_output_type=json&amp;nns_user_agent=nn_pad/ipad/1.0.0&amp;nns_language=en_US&amp;nns_tag=28&amp;nns_user_id=IPADB123456789089756745634523456&amp;nns_device_id=&amp;nns_buss_id=2000002&amp;nns_category_id=1000001&amp;nns_func=apply_play_video&amp;nns_mac_id=112233445566&amp;nns_media_assets_id=pad_live_v1&amp;nns_media_id=f4bb36746f145be94deb9c17d0965f74&amp;nns_video_id=f942ece95cb181ee4111c9921737b575&amp;nns_video_index=0&amp;nns_video_type=1</link>
      <thumbnail>https://4.bp.blogspot.com/-QPqC-9N2aks/XnHCGb5GoLI/AAAAAAAAAoA/ESCaII8ay1c8t9rAO_MphJo_vSdfgC9OwCLcBGAsYHQ/s320/1584513537161.png</thumbnail>
      <resolve>true</resolve>
    </item>
	<item>
      <title>CTN HD</title>
      <link>https://1737081326.rsc.cdn77.org/LS-50041-SIN-5/tracks-v1a1/mono.m3u8</link>
      <thumbnail>https://4.bp.blogspot.com/-QPqC-9N2aks/XnHCGb5GoLI/AAAAAAAAAoA/ESCaII8ay1c8t9rAO_MphJo_vSdfgC9OwCLcBGAsYHQ/s320/1584513537161.png</thumbnail>
      <resolve>true</resolve>
    </item>
	<item>
      <title>MyTV</title>
      <link>http://mobile.interface.stmg.net.kh/nn_cms/nn_cms_view/jpz/n3_a_a.php?nns_version=2.3.7.0.2.SC-JPZ-IPAD.0.0_Release&amp;nns_output_type=json&amp;nns_user_agent=nn_pad/ipad/1.0.0&amp;nns_language=en_US&amp;nns_tag=28&amp;nns_user_id=IPADB123456789089756745634523456&amp;nns_device_id=&amp;nns_buss_id=2000002&amp;nns_category_id=1000001&amp;nns_func=apply_play_video&amp;nns_mac_id=112233445566&amp;nns_media_assets_id=pad_live_v1&amp;nns_media_id=a89cdd8c6279eb0b584627e0f571a698&amp;nns_video_id=00d0bfe34121cd8a998a4bf7fffd2c19&amp;nns_video_index=0&amp;nns_video_type=1</link>
      <thumbnail>https://res.cloudinary.com/dmytqbmtk/image/upload/v1584270739/1584270715057_tgczfa.png</thumbnail>
      <resolve>true</resolve>
    </item>
	<item>
      <title>MYTV HD</title>
      <link>https://1737081326.rsc.cdn77.org/LS-50041-SIN-6/tracks-v1a1/mono.m3u8</link>
      <thumbnail>https://res.cloudinary.com/dmytqbmtk/image/upload/v1584270739/1584270715057_tgczfa.png</thumbnail>
      <resolve>true</resolve>
    </item>
	<item>
      <title>TownTV</title>
      <link>http://mobile.interface.stmg.net.kh/nn_cms/nn_cms_view/jpz/n3_a_a.php?nns_version=2.3.7.0.2.SC-JPZ-IPAD.0.0_Release&amp;nns_output_type=json&amp;nns_user_agent=nn_pad/ipad/1.0.0&amp;nns_language=en_US&amp;nns_tag=28&amp;nns_user_id=IPADB123456789089756745634523456&amp;nns_device_id=&amp;nns_buss_id=2000002&amp;nns_category_id=1000001&amp;nns_func=apply_play_video&amp;nns_mac_id=112233445566&amp;nns_media_assets_id=pad_live_v1&amp;nns_video_id=bcac6d038bd68aff27e3b0b6302f229e&amp;nns_video_index=0&amp;nns_video_type=1</link>
      <thumbnail>https://4.bp.blogspot.com/-8aSGWrkvLCY/XnF3G2KuqwI/AAAAAAAAAmM/iwBw2h17Us8hEpP1Da4N0-LQqtmodDS0wCLcBGAsYHQ/s320/1584494316177.png</thumbnail>
      <resolve>true</resolve>
    </item>
	<item>
      <title>Town FULLHD TV</title>
      <link>https://1737081326.rsc.cdn77.org/LS-50041-SIN-16/tracks-v1a1/mono.m3u8</link>
      <thumbnail>https://4.bp.blogspot.com/-8aSGWrkvLCY/XnF3G2KuqwI/AAAAAAAAAmM/iwBw2h17Us8hEpP1Da4N0-LQqtmodDS0wCLcBGAsYHQ/s320/1584494316177.png</thumbnail>
      <resolve>true</resolve>
    </item>
	<item>
      <title>SMusic</title>
      <link>http://mobile.interface.stmg.net.kh/nn_cms/nn_cms_view/jpz/n3_a_a.php?nns_version=2.3.7.0.2.SC-JPZ-IPAD.0.0_Release&amp;nns_output_type=json&amp;nns_user_agent=nn_pad/ipad/1.0.0&amp;nns_language=en_US&amp;nns_tag=28&amp;nns_user_id=IPADB123456789089756745634523456&amp;nns_device_id=&amp;nns_buss_id=2000002&amp;nns_category_id=1000001&amp;nns_func=apply_play_video&amp;nns_mac_id=112233445566&amp;nns_media_assets_id=pad_live_v1&amp;nns_media_id=77f457e666783be43088ac879617b6e6&amp;nns_video_id=31a0fc4d0f022eeb1759a8537f9ec5e5&amp;nns_video_index=0&amp;nns_video_type=1</link>
      <thumbnail>http://103.242.12.23/prev/StarCor/live/5/1/3/31a0fc4d0f022eeb1759a8537f9ec5e5/1bd6729f5f5500a8b6b1af3928ab55b2.png</thumbnail>
      <resolve>true</resolve>
    </item>
	<item>
      <title>NiceTV</title>
      <link>http://mobile.interface.stmg.net.kh/nn_cms/nn_cms_view/jpz/n3_a_a.php?nns_version=2.3.7.0.2.SC-JPZ-IPAD.0.0_Release&amp;nns_output_type=json&amp;nns_user_agent=nn_pad/ipad/1.0.0&amp;nns_language=en_US&amp;nns_tag=28&amp;nns_user_id=IPADB123456789089756745634523456&amp;nns_device_id=&amp;nns_buss_id=2000002&amp;nns_category_id=1000001&amp;nns_func=apply_play_video&amp;nns_mac_id=112233445566&amp;nns_media_assets_id=pad_live_v1&amp;nns_media_id=e292792509870ed1299777671ebe303e&amp;nns_video_id=4006b4cbf4b7d80eef7f08d0da320ad7&amp;nns_video_index=0&amp;nns_video_type=1</link>
      <thumbnail>http://103.242.12.23/prev/StarCor/live/7/e/4/4006b4cbf4b7d80eef7f08d0da320ad7/52fc016823d398fd6894b3a91f67269a.png</thumbnail>
      <resolve>true</resolve>
    </item>
	<item>
      <title>MSJTV</title>
      <link>rtmp://124.248.165.18:1935/live/myStream</link>
      <thumbnail>https://2.bp.blogspot.com/-wsnIeDEybTY/XnG_2zS0IUI/AAAAAAAAAns/b8jeWkpO92sHnAYTuzNItS6y9_Lwx-tMQCLcBGAsYHQ/s320/1584504240323.png</thumbnail>
    </item>
    <item>
      <title>CNC</title>
      <link>http://mobile.interface.stmg.net.kh/nn_cms/nn_cms_view/jpz/n3_a_a.php?nns_version=2.3.7.0.2.SC-JPZ-IPAD.0.0_Release&amp;nns_output_type=json&amp;nns_user_agent=nn_pad/ipad/1.0.0&amp;nns_language=en_US&amp;nns_tag=28&amp;nns_user_id=IPADB123456789089756745634523456&amp;nns_device_id=&amp;nns_buss_id=2000002&amp;nns_category_id=1000001&amp;nns_func=apply_play_video&amp;nns_mac_id=112233445566&amp;nns_media_assets_id=pad_live_v1&amp;nns_media_id=51cb3efed11a0094944cc78c7f950fdd&amp;nns_video_id=305c725d29f8e7b9684e09e9d463669e&amp;nns_video_index=0&amp;nns_video_type=1</link>
      <thumbnail>https://4.bp.blogspot.com/-7DBrQ8yF-Lg/XnHBX7IlliI/AAAAAAAAAn4/IhtJaCM25WsrgmIRJOHNA-UY4Ie_umftwCLcBGAsYHQ/s320/1584513336981.png</thumbnail>
      <resolve>true</resolve>
    </item>
    <item>
      <title>NTV</title>
      <link>http://mobile.interface.stmg.net.kh/nn_cms/nn_cms_view/jpz/n3_a_a.php?nns_version=2.3.7.0.2.SC-JPZ-IPAD.0.0_Release&amp;nns_output_type=json&amp;nns_user_agent=nn_pad/ipad/1.0.0&amp;nns_language=en_US&amp;nns_tag=28&amp;nns_user_id=IPADB123456789089756745634523456&amp;nns_device_id=&amp;nns_buss_id=2000002&amp;nns_category_id=1000001&amp;nns_func=apply_play_video&amp;nns_mac_id=112233445566&amp;nns_media_assets_id=pad_live_v1&amp;nns_media_id=f1d34949aa405f5ff7bf9be51c9c48eb&amp;nns_video_id=e72a42883ca4461c22b396c248cdb3c9&amp;nns_video_index=0&amp;nns_video_type=1</link>
      <thumbnail>http://www.ntvcambodia.com/logo.png</thumbnail>
      <resolve>true</resolve>
    </item>
    <item>
      <title>CTV8</title>
      <link>http://220.158.149.26:8182/hls/TV00000000000000000142@HHZT.m3u8</link>
      <thumbnail>https://i.imgur.com/KWjeTlX.jpg</thumbnail>
      <resolve>true</resolve>
    </item>
    <item>
      <title>TV9</title>
      <link>http://mobile.interface.stmg.net.kh/nn_cms/nn_cms_view/jpz/n3_a_a.php?nns_version=2.3.7.0.2.SC-JPZ-IPAD.0.0_Release&amp;nns_output_type=json&amp;nns_user_agent=nn_pad/ipad/1.0.0&amp;nns_language=en_US&amp;nns_tag=28&amp;nns_user_id=IPADB123456789089756745634523456CA&amp;nns_device_id=&amp;nns_buss_id=2000002&amp;nns_category_id=1000001&amp;nns_func=apply_play_video&amp;nns_mac_id=112233445566&amp;nns_media_assets_id=pad_live_v1&amp;nns_media_id=1745e6557435c9a424a1627642f39439&amp;nns_video_id=07dbc29ba75ab5b8c5e2b300818ab6b9&amp;nns_video_index=0&amp;nns_video_type=1</link>
      <thumbnail>https://1.bp.blogspot.com/-oa18JQWIf3A/XnGwmhtJfeI/AAAAAAAAAnY/O4Ca-FmS3JMIxhFiYz9qAUkwhdlEvAOQwCLcBGAsYHQ/s1600/1584509014403.png</thumbnail>
    </item>
	<item>
      <title>TV5</title>
      <link>http://mobile.interface.stmg.net.kh/nn_cms/nn_cms_view/jpz/n3_a_a.php?nns_version=2.3.7.0.2.SC-JPZ-IPAD.0.0_Release&amp;nns_output_type=json&amp;nns_user_agent=nn_pad/ipad/1.0.0&amp;nns_language=en_US&amp;nns_tag=28&amp;nns_user_id=IPADB123456789089756745634523456CA&amp;nns_device_id=&amp;nns_buss_id=2000002&amp;nns_category_id=1000001&amp;nns_func=apply_play_video&amp;nns_mac_id=112233445566&amp;nns_media_assets_id=pad_live_v1&amp;nns_media_id=c35345c8f040ffd74caddacff3d8b847&amp;nns_video_id=3faaa5c9171d8529795749c88040b5ec&amp;nns_video_index=0&amp;nns_video_type=1</link>
      <thumbnail>https://1.bp.blogspot.com/-spIGcSKku7k/XnFyiVU7xqI/AAAAAAAAAl4/lqa6Ws4Obj8zXLHTSaYh9Vv44LrGXgTpACLcBGAsYHQ/s320/1584493142257.png</thumbnail>
    </item>
	<item>
      <title>ETV</title>
      <link>http://mobile.interface.stmg.net.kh/nn_cms/nn_cms_view/jpz/n3_a_a.php?nns_version=2.3.7.0.2.SC-JPZ-IPAD.0.0_Release&amp;nns_output_type=json&amp;nns_user_agent=nn_pad/ipad/1.0.0&amp;nns_language=en_US&amp;nns_tag=28&amp;nns_user_id=IPADB123456789089756745634523456&amp;nns_device_id=&amp;nns_buss_id=2000002&amp;nns_category_id=1000001&amp;nns_func=apply_play_video&amp;nns_mac_id=112233445566&amp;nns_media_assets_id=pad_live_v1&amp;nns_media_id=19446ec121a1fac407ecd1459467ba5c&amp;nns_video_id=f7d0d8935e3b8483e5b315fc2f54c4be&amp;nns_video_index=0&amp;nns_video_type=1</link>
      <thumbnail>https://res.cloudinary.com/dmytqbmtk/image/upload/v1584356267/1584356221375_zxqwz9.png</thumbnail>
      <resolve>true</resolve>
    </item>
	<item>
      <title>Rasmey Hang Meas</title>
      <link>http://mobile.interface.stmg.net.kh/nn_cms/nn_cms_view/jpz/n3_a_a.php?nns_version=2.3.7.0.2.SC-JPZ-IPAD.0.0_Release&amp;nns_output_type=json&amp;nns_user_agent=nn_pad/ipad/1.0.0&amp;nns_language=en_US&amp;nns_tag=28&amp;nns_user_id=IPADB123456789089756745634523456&amp;nns_device_id=&amp;nns_buss_id=2000002&amp;nns_category_id=1000001&amp;nns_func=apply_play_video&amp;nns_mac_id=112233445566&amp;nns_media_assets_id=pad_live_v1&amp;nns_media_id=480c2521e1d40ab5b9703135c45d3a63&amp;nns_video_id=a024152f1d255b5ae8bb1512a994aeda&amp;nns_video_index=0&amp;nns_video_type=1</link>
      <thumbnail>https://res.cloudinary.com/dmytqbmtk/image/upload/v1584282213/1584282126247_wy8uqi.png</thumbnail>
      <resolve>true</resolve>
    </item>
	<item>
      <title>Rasmey Hang Meas HD</title>
      <link>http://malisresidences.com:1935/rhm_hdtv/_definst_/smil:RHMHDTV.smil/playlist.m3u8</link>
      <thumbnail>https://res.cloudinary.com/dmytqbmtk/image/upload/v1584282213/1584282126247_wy8uqi.png</thumbnail>
      <resolve>true</resolve>
    </item>
	<item>
      <title>Hang Meas</title>
      <link>http://mobile.interface.stmg.net.kh/nn_cms/nn_cms_view/jpz/n3_a_a.php?nns_version=2.3.7.0.2.SC-JPZ-IPAD.0.0_Release&amp;nns_output_type=json&amp;nns_user_agent=nn_pad/ipad/1.0.0&amp;nns_language=en_US&amp;nns_tag=28&amp;nns_user_id=IPADB123456789089756745634523456&amp;nns_device_id=&amp;nns_buss_id=2000002&amp;nns_category_id=1000001&amp;nns_func=apply_play_video&amp;nns_mac_id=112233445566&amp;nns_media_assets_id=pad_live_v1&amp;nns_media_id=21488d9895e5bffde928ec9384fcc9f2&amp;nns_video_id=0264fb03fa31bb849ba82c1f3ab22ce6&amp;nns_video_index=0&amp;nns_video_type=1</link>
      <thumbnail>https://res.cloudinary.com/dmytqbmtk/image/upload/v1584282726/1584282695422_kh79xw.png</thumbnail>
      <resolve>true</resolve>
    </item>
	<item>
      <title>Hang Meas HD</title>
      <link>http://malisresidences.com:1935/hm_hdtv/_definst_/smil:HMHDTV.smil/playlist.m3u8</link>
      <thumbnail>https://res.cloudinary.com/dmytqbmtk/image/upload/v1584282726/1584282695422_kh79xw.png</thumbnail>
      <resolve>true</resolve>
    </item>
	<item>
      <title>PNN</title>
      <link>http://mobile.interface.stmg.net.kh/nn_cms/nn_cms_view/jpz/n3_a_a.php?nns_version=2.3.7.0.2.SC-JPZ-IPAD.0.0_Release&amp;nns_output_type=json&amp;nns_user_agent=nn_pad/ipad/1.0.0&amp;nns_language=en_US&amp;nns_tag=28&amp;nns_user_id=IPADB123456789089756745634523456CA&amp;nns_device_id=&amp;nns_buss_id=2000002&amp;nns_category_id=1000001&amp;nns_func=apply_play_video&amp;nns_mac_id=112233445566&amp;nns_media_assets_id=pad_live_v1&amp;nns_media_id=6908f16664289ae2da7be827a888dff0&amp;nns_video_id=72027a6e149f60e6055481b8bba5f3fa&amp;nns_video_index=0&amp;nns_video_type=1</link>
      <thumbnail>https://res.cloudinary.com/dmytqbmtk/image/upload/v1584355290/1584355272133_voh5dr.png</thumbnail>
      <resolve>true</resolve>
    </item>
    <item>
      <title>Sea TV</title>
      <link>http://mobile.interface.stmg.net.kh/nn_cms/nn_cms_view/jpz/n3_a_a.php?nns_version=2.3.7.0.2.SC-JPZ-IPAD.0.0_Release&amp;nns_output_type=json&amp;nns_user_agent=nn_pad/ipad/1.0.0&amp;nns_language=en_US&amp;nns_tag=28&amp;nns_user_id=IPADB123456789089756745634523456CA&amp;nns_device_id=&amp;nns_buss_id=2000002&amp;nns_category_id=1000001&amp;nns_func=apply_play_video&amp;nns_mac_id=112233445566&amp;nns_media_assets_id=pad_live_v1&amp;nns_media_id=6696f204db449bbe3da368cb85840dbf&amp;nns_video_id=9d4799352a1eca5952f2b3bbc3f0f6d8&amp;nns_video_index=0&amp;nns_video_type=1</link>
      <thumbnail>https://1.bp.blogspot.com/-njo0mNNaJ2g/XnFxP6SdVxI/AAAAAAAAAls/yi6HYjQsNfURRggB3gi6KGHDup2cYhPhQCLcBGAsYHQ/s320/1584492839961.png</thumbnail>
      <resolve>true</resolve>
    </item>
    <item>
      <title>TVK</title>
      <link>http://mobile.interface.stmg.net.kh/nn_cms/nn_cms_view/jpz/n3_a_a.php?nns_version=2.3.7.0.2.SC-JPZ-IPAD.0.0_Release&amp;nns_output_type=json&amp;nns_user_agent=nn_pad/ipad/1.0.0&amp;nns_language=en_US&amp;nns_tag=28&amp;nns_user_id=IPADB123456789089756745634523456&amp;nns_device_id=&amp;nns_buss_id=2000002&amp;nns_category_id=1000001&amp;nns_func=apply_play_video&amp;nns_mac_id=112233445566&amp;nns_media_assets_id=pad_live_v1&amp;nns_media_id=2c77ea90bc6e0ee4af1d76e4c27b4ff6&amp;nns_video_id=134f80a340581aa24c0643dc0152fad8&amp;nns_video_index=0&amp;nns_video_type=1</link>
      <thumbnail>https://3.bp.blogspot.com/-_6U2d9jRnDg/XnFzUbzBikI/AAAAAAAAAmA/-V0mBvD1kEcnjtsxaBvIda4FTK9BjruuQCLcBGAsYHQ/s320/1584493364660.png</thumbnail>
    </item>
    <item>
      <title>Apsara</title>
      <link>http://mobile.interface.stmg.net.kh/nn_cms/nn_cms_view/jpz/n3_a_a.php?nns_version=2.3.7.0.2.SC-JPZ-IPAD.0.0_Release&amp;nns_output_type=json&amp;nns_user_agent=nn_pad/ipad/1.0.0&amp;nns_language=en_US&amp;nns_tag=28&amp;nns_user_id=IPADB123456789089756745634523456&amp;nns_device_id=&amp;nns_buss_id=2000002&amp;nns_category_id=1000001&amp;nns_func=apply_play_video&amp;nns_mac_id=112233445566&amp;nns_media_assets_id=pad_live_v1&amp;nns_media_id=5c6a5dc8dc903af99b7eb41b020b40e6&amp;nns_video_id=07b506429e01034350f1f7508043ba17&amp;nns_video_index=0&amp;nns_video_type=1</link>
      <thumbnail>https://4.bp.blogspot.com/-3hE7v1IqkOM/XnF5BsMg7oI/AAAAAAAAAmY/haXOzoy8hUgDCJLhdJoUPhh004ksB-qjwCLcBGAsYHQ/s320/1584494833682.png</thumbnail>
	  <resolve>true</resolve>
    </item>
    <item>
      <title>Bayon</title>
      <link>http://mobile.interface.stmg.net.kh/nn_cms/nn_cms_view/jpz/n3_a_a.php?nns_version=2.3.7.0.2.SC-JPZ-IPAD.0.0_Release&amp;nns_output_type=json&amp;nns_user_agent=nn_pad/ipad/1.0.0&amp;nns_language=en_US&amp;nns_tag=28&amp;nns_user_id=IPADB123456789089756745634523456CA&amp;nns_device_id=&amp;nns_buss_id=2000002&amp;nns_category_id=1000001&amp;nns_func=apply_play_video&amp;nns_mac_id=112233445566&amp;nns_media_assets_id=pad_live_v1&amp;nns_media_id=3fab1344412c07302c3710e9f474ef72&amp;nns_video_id=8bbf89d7eb9e8230be83780d9bf6e7f2&amp;nns_video_index=0&amp;nns_video_type=1</link>
      <thumbnail>https://res.cloudinary.com/dmytqbmtk/image/upload/v1584356870/1584356832459_jddxjn.png</thumbnail>
    </item>
    <item>
      <title>BTV News</title>
      <link>http://mobile.interface.stmg.net.kh/nn_cms/nn_cms_view/jpz/n3_a_a.php?nns_version=2.3.7.0.2.SC-JPZ-IPAD.0.0_Release&amp;nns_output_type=json&amp;nns_user_agent=nn_pad/ipad/1.0.0&amp;nns_language=en_US&amp;nns_tag=28&amp;nns_user_id=IPADB123456789089756745634523456&amp;nns_device_id=&amp;nns_buss_id=2000002&amp;nns_category_id=1000001&amp;nns_func=apply_play_video&amp;nns_mac_id=112233445566&amp;nns_media_assets_id=pad_live_v1&amp;nns_media_id=3d0ddfad9f30b4ad8d991c78797ba380&amp;nns_video_id=7c9e4ad310e93a55d762ef4c741b2c59&amp;nns_video_index=0&amp;nns_video_type=1</link>
      <thumbnail>https://1.bp.blogspot.com/-DXhzsRDKfNM/XnFwPA-35sI/AAAAAAAAAlg/XxG7xFj8QzcGkBCXxM9WtVX802Eow-g4QCLcBGAsYHQ/s320/1584492160661.png</thumbnail>
    </item>
	

  </channel>
</channels>
