<?xml version="1.0" encoding="UTF-8" standalone="yes"?>
<addon id="plugin.video.Khmertvhd" version="0.0.3" name="KhmerTV HD" provider-name="Dodge">
  <requires>
        <import addon="xbmc.python" version="2.1.0"/>
  </requires>
  <extension point="xbmc.python.pluginsource" library="ADDON.py">
        <provides>video</provides>
  </extension>
  <extension point="xbmc.addon.metadata">
    <summary>Khmer TV</summary>
    <description>Watch Video in Khmer</description>
    <platform>all</platform>
  </extension>
</addon>