<?xml version="1.0" encoding="UTF-8" standalone="yes"?>
<addon
  id="plugin.video.Khmertvhd19"
  version="0.1.3"
  name="KhmerTV HD"
  provider-name="Dodge">
 <requires>
		<import addon="script.module.simplejson" />
		<import addon="script.module.requests" />
		<import addon="script.module.t0mm0.common" version="3.0.0"/>
		<import addon="script.module.six" />
		<import addon="script.module.beautifulsoup4"    version="4.5.3"/>
		<import addon="script.module.resolveurl" version="5.0.00"/>
  </requires>
  <extension point="xbmc.python.pluginsource"
            library="addon.py">
        <provides>video</provides>
  </extension>
  <extension point="xbmc.addon.metadata">
    <summary>Khmertvhd</summary>
    <description>Watch khmer channel</description>
	<assets>
      <icon>icon.png</icon>
	  <fanart>fanart.jpg</fanart>
    </assets>
    <platform>all</platform>
  </extension>
</addon>