<?xml version="1.0" encoding="UTF-8" standalone="yes"?>
<addon id="plugin.video.Khmertvhd" version="1.0.3" name="KhmerTV HD" provider-name="Dodge, Goupon">
  <requires>
        <import addon="xbmc.python" version="2.1.0"/>
        <import addon="script.module.simplejson" />
        <import addon="script.module.beautifulsoup" version="3.0.8"/>
        <import addon="script.module.urlresolver"  version="0.0.1"/>
        <import addon="script.module.t0mm0.common" version="1.1.0"/>	
        <import addon="plugin.video.youtube" version="5.4.5"/>
        <import addon="plugin.video.vimeo"/>
  </requires>
  <extension point="xbmc.python.pluginsource"
            library="ADDON.py">
        <provides>video</provides>
  </extension>
  <extension point="xbmc.addon.metadata">
    <summary>Collections of Khmer movies, series and live tv from various site</summary>
    <description>Use at your own risk</description>
    <platform>all</platform>
  </extension>
</addon>