<?xml version="1.0" encoding="UTF-8" standalone="yes"?>
<addon id="script.module.streamlink-plugins" name="Streamlink plugins" version="0.0.0" provider-name="back-to">
  <requires>
    <import addon="xbmc.python" version="2.24.0"/>
  </requires>
  <!-- <extension point="xbmc.python.module" library="lib"/> -->
  <extension point="xbmc.addon.metadata">
    <platform>all</platform>
    <summary>Streamlink plugins</summary>
    <description>custom streamlink plugins that can be used for service.liveproxy</description>
    <license></license>
    <source>https://github.com/back-to/script.module.streamlink-plugins</source>
    <assets>
      <icon>icon.png</icon>
    </assets>
  </extension>
</addon>
