<?xml version="1.0" encoding="UTF-8" standalone="yes"?>
<addon id="script.module.streamlink" name="Streamlink Library" version="1.0.0" provider-name="back-to">
  <requires>
    <import addon="xbmc.python" version="2.24.0"/>
    <import addon="script.module.requests" version="2.18.4"/>
    <import addon="script.module.futures" version="2.2.0"/>
    <import addon="script.module.singledispatch" version="3.4.0.3"/>
    <import addon="script.module.six" version="1.9.0"/>
    <import addon="script.module.iso3166" version="0.8"/>
    <import addon="script.module.iso639" version="0.4.5"/>
    <import addon="script.module.shutil_which" version="3.5.1"/>
    <import addon="script.module.websocket" version="0.47.0"/>
    <import addon="script.module.isodate" version="0.6.0"/>
    <import addon="script.module.pysocks" version="1.6.8" optional="true"/>
    <import addon="script.module.pycryptodome" version="3.4.3"/>
  </requires>
  <extension point="xbmc.python.module" library="resources/lib/"/>
  <extension point="xbmc.addon.metadata">
    <summary>Streamlink Library</summary>
    <description>Streamlink repacked for Kodi</description>
    <language></language>
    <platform>all</platform>
    <license>BSD 2-Clause Simplified License</license>
    <website>https://streamlink.github.io</website>
    <source>https://github.com/back-to/repo</source>
    <news>
    1.0.0
    - Streamlink 1.0.0
    0.14.2.138
    - Streamlink 0.14.2+138.gb21df07
    0.14.2.86
    - Streamlink 0.14.2+86.g2c9cfe84
    0.14.2.42
    - Streamlink 0.14.2+42.gb3c7648
    0.14.2.33
    - Streamlink 0.14.2+33.g33f677b
    0.14.2.18
    - Streamlink 0.14.2.17 and updated Zattoo version
    0.14.0
    - Streamlink 0.14.0
    0.13.0.48
    - Streamlink 0.13.0+48.g512b5f0
    0.13.0.18
    - Streamlink 0.13.0+18.g3136f96
    0.13.0
    - sync https://pypi.org/project/streamlink/0.13.0/
    - Removed custom commands, they are not handled in a custom plugin
    0.12.1.2
    - Streamlink version aee97e555971a8995e59f37efb092b694214b5d7
      with experimental custom commands
      --hls-session-reload-time
      --hls-session-reload-segment
    0.12.1.1
    - Streamlink version 1307bc19e5c54d7bd8f6bba0d1c84a736a72c7ba
    </news>
    <assets>
      <icon>resources/icon.png</icon>
    </assets>
  </extension>
</addon>
